Piece Name,Release Year,Type,Images,Edition Size,Signed,# Signed,# Unsigned,APs?,Dimensions,Notes,Released by,Sales/Available Works
Applause,2006,Print,banksy-applause-better.jpg?Action=thumbnail&Width=1200 (https://v5.airtableusercontent.com/v3/u/34/34/1730916000000/DFZfGANWA2VX0pvMknolIg/U9HOKMzIe2Ag4xTWDUZWD7mgwQnU1QDdatI4gXKNfVE3abwQ3ELLto2yf-5o9ItqgYwuqxohQzqYUj_3TDlVGu-sXOEFxmbiSz_gHnKYH8MdVO736bY-tv6SszSoUzR68SSHa1yE3Db5DUGUn1cdgA/zat7OHjvHKtlLx2tI3EseoAZ1vt-g7kI-5rABO7nARg),500,Some,150,350,,83 x 123cm,"Signature: Signature on the right
Comments: Largest size Banksy edition produced",,"""£5,250.00"""
Applause (LA Edition),2006,Print,banksy-applause-better.jpg?Action=thumbnail&Width=1200 (https://v5.airtableusercontent.com/v3/u/34/34/1730916000000/DFZfGANWA2VX0pvMknolIg/U9HOKMzIe2Ag4xTWDUZWD7mgwQnU1QDdatI4gXKNfVE3abwQ3ELLto2yf-5o9ItqgYwuqxohQzqYUj_3TDlVGu-sXOEFxmbiSz_gHnKYH8MdVO736bY-tv6SszSoUzR68SSHa1yE3Db5DUGUn1cdgA/zat7OHjvHKtlLx2tI3EseoAZ1vt-g7kI-5rABO7nARg),100,No,0,100,,83 x 123cm,"Edition of 100 prints (of a total of 500 in the edition), printed by Modern Multiples & released at the 'Barely Legal' exhibition.
The remaining 400 prints were printed & released by POW. These prints had some differences in colour & detail to the Modern Multiples prints. Most noticeable is the contrast of the two prints is completely different - LA is far stronger.",,
Barcode,2004,Print,Screen%20Shot%202015-02-25%20at%2010.02.35.png?Action=thumbnail&Width=1200 (https://v5.airtableusercontent.com/v3/u/34/34/1730916000000/08emo190TKZmN0Sa69Fh3w/9w4NrfEHfxHiZ0U71N1P0EXA4m140IeJbOEclLBm5MPTQPOXSGv5ckDCAgTmG3DNNQWvTIa1dUHcC-RasWL3dyUka69h9YTcWeDWygfTvJ2ch2dyCorfU9SrsLOfqTBopqZX7fNoWY4s0qyWBAQUrO6ChFa7CFIX3fYg0odTfZxOc4hx7XRjAgHWqEXyCGNv/Z1D8TDVaIzDWwHyd0KqHb3Imcl181BAd1qPeHyzbM8c),750,Some,150,600,,50 x 70cm,"Signature: Signature, stamp, year and number on the left
Comments: Iconic Banksy image. Highly coveted. Some with red stamp some without.",,"""£16,500.00"""
Because I'm Worthless (Pink),2004,Print,Banksy-Because-I'm-Worthless500.jpg?Action=thumbnail&Width=1200 (https://v5.airtableusercontent.com/v3/u/34/34/1730916000000/rnHZjmN0wU-GwGDx02-iXw/ewkQgBau-i1ze3qtTN0H_PigQbdElGLRi3DCrDK4J976mPriFhL5C9cO5wDINDW5mfiHOeASUKUraBX4N-AlR7Vj45BOel8R_weIm5QmzZDO05Wh2UnWq-wT3lokmihoe-qWOlYWUlNz8MpSnGYxi_hHeNgI82_F_YTTUqvM1Xs/WM16hBPxtl3XkP5ZaezjjWRBgMFT51m9jysHRhy5bQ8),250,Some,75,175,,50 x 35cm,"Signature: Signature on the left and numbering on the right
Comments: Known as Placard rats, the text in these prints was either red or pink, spread evenly through the edition",,
Because I'm Worthless (Red),2004,Print,banksy-because-im-wortthless-red-large.jpg.jpg?Action=thumbnail&Width=1200 (https://v5.airtableusercontent.com/v3/u/34/34/1730916000000/RIu2InlOJQ9-u9kviyuZLA/Ne63RmNxTEvJgScFeC0nQEfgwiwnDOCGJk-vjM7CfhsUnx9a-gb2yFTZfjsmhVGbwuqrubidP21ZiPGVAXyRgzWy03fZQJRDak-ko2ynrXUsPLHe8exxbxdP9NWGrnRyifHhOgi7m0atOmhy-FY__nEEYt_sEAhqHqxql1fcpfZZkKs2VDD0JdoKxwKbS4R1/9HOb9i8etX5zV_lWkPpS4JpqEYiVN4gVvoIkSE2aDK4),250,Some,75,175,,50 x 35cm,"Signature: Signature on the left and numbering on the right
Comments: Known as Placard rats, the text in these prints was either red or pink, spread evenly through the edition",,
Bomb Hugger,2003,Print,banksy-bomb-hugger-unsigned-hq.jpg?Action=thumbnail&Width=1200 (https://v5.airtableusercontent.com/v3/u/34/34/1730916000000/10Lr_J94cw0zRJUMqenCqg/wAkpICihzgr-v9NSB5FdTM1Fwn0DlvRIDMx4ayjOHlRGi_B_Q89EpbjMoUw0DDG_v3x1YuxX7t8FtXtj1atouew6ieVaXN6E43-c3uSeFWwUyNnlfTbX8ksY6HTCZnJ6DaLPnTMjLzhRBFV-N-iA41QUSlmt76dUYhs-QOA22Go/Ia2H5bbpFISPeMH3tbTSrIFZp-kvpBmp-s7aj49U4E8),750,Some,150,600,,70 x 50cm,"Signature and numbering on the right
Comments: Originally known as Bomb Love",,
Bomb Middle England,2003,Print,banksy-prints-bomb-middle-england.jpg?Action=thumbnail&Width=1200 (https://v5.airtableusercontent.com/v3/u/34/34/1730916000000/fo_9TgIInjeLZBIAnOhCTg/dQV6zDE3eSdQaUnG6jSvjp3eKFSgd0AUZI0ytHLHH6IVqURpr8mrEDvAiMkwC0zGH7a9h0CTnrVMiFZoYCC4sIRUPI8K7LmQ6sIM7GMPaR6gcJPrGTRocCt10NMOIOgWBODSli-BNQmyGzJ8PqvVmHqbvsutO9F-p0_xCT07k7I/CcnxPXMIcjF5n6vhssv2hEM2Fx1_uAEDS2xgHx8wv_g),500,Some,50,450,,35 x 100cm,"Artist Proofs: 31 signed & numbered A/P's
Details: 2005, Screen Print, 35 x 100 cm
Signature: Signature and numbering on the right
Comments: Originally released in 2003 with only 50 signed from Banksy",,
Cans Festival Special,2008,Print,banksy-cans-festival-print.jpg (https://v5.airtableusercontent.com/v3/u/34/34/1730916000000/Pp28CjVH5H3tedYDhg7McA/ou3hOLvfW8a0uBIGZQjOJqSPjb_fyY9eK3P7lN2DvYtfVfiJwEyJ3O3dWrqLHSKFmu35vymsu2dzHqAiYO_BQPcxoMAYtFitRpOboSiHwttddOu6zebVuwq5fZ0GMbEZ/NgqSwvGU6aYl02jDsRF6J-UF53kjGFeq_IAs02HxN6Y),,All,,,,,"Gift from Banksy to artists and others involved in the 2008 Cans Festival in Leake Street.

Giclee Print.

Not numbered but signed and personalised by Banksy.",,
Choose Your Weapon (Bright Pink),2010,Print,"banksy-choose-Your-Weapon-Pink.jpg?Action=thumbnail&Width=1200 (https://v5.airtableusercontent.com/v3/u/34/34/1730916000000/Gcp12w4cgmH7f_uIb8ddxQ/Zj8mwYTmU0odCDdD7nWLcgR49shGHu0bp5C5I8tvRw2D2NNtHbYaUQAmTvpAJAUEx4_8jnJck6_oUNIOA4TTyvxMdmT-oJSQv3GkwmzhiK94eU_41dfbssibs6XJoB4OVjMNmkD3lLDogPcOPT6kfL2SJGE8F_a-CHwyHt3vdIA/w3qtDhyPKTMOZ8rcjBBnmGnTrJIntatgsLXVuFfv4Io),Image.png (https://v5.airtableusercontent.com/v3/u/34/34/1730916000000/PvS7lpHE0IefhIjhLzBqTA/XvUc7cIdNEHX6b9oXYOP4w1vBkPuJjbOJVaxMN6qP8IeslZmpPLwnxJIrLUIXAnGSoMy_BLO9oqP_LsGRsqLsY4AMS2ddrEfnbKz6k30fNE/Q4a9AXHqpRMQ6Vf8PshUj0WFiE74M_dZwYSwVnrq9FA)",25,All,25,0,Yes,70 x 70cm,,Pictures on Walls (POW),
Choose Your Weapon (Bright Purple),2010,Print,"banksy-choose-your-weapon-purple-CYW.jpg?Action=thumbnail&Width=1200 (https://v5.airtableusercontent.com/v3/u/34/34/1730916000000/6_OtMDJjjieh4xpTjS5ITg/wVgBDdMqvTX2ytP_wt7iMvwYeQDwcd6jPTVxD87GEGmVCvIn-noAJMdE1RsdLZZLD_awEdWtoNY8wfEMTJtSSkqvvn0RmcPRaHKbcshxFt_BmKMw-_e362AD3qDCZ4pRIH0_R2vexEF-yUCrulpo1wUCd1QG5QkCw8T86kbebNE/eF2xXhm_TEktiFZehcYZ4MspMEAV6eVyvpEckV3nXzg),Image.png (https://v5.airtableusercontent.com/v3/u/34/34/1730916000000/rmGQQkqIeQ71msc5FqEbOw/dHo_D3NeP-wIbC6pJOTBkhUqxml33g4_aVUhI6dO34cLfmnayW7gI15a-lq5eCUceGHbJljdJ97DUTe0fkcOhetJtUh01OUFrjpI59nGbzs/wAh7AAaaxqtFo2HzuB3OVjNUuojSzLmZvCUFEw0Rs6k)",25,All,25,0,Yes,70 x 70cm,,Pictures on Walls (POW),
Choose Your Weapon (Dark Blue),2010,Print,banksy-choose-your-weapon-dark-blue.jpg?Action=thumbnail&Width=1200 (https://v5.airtableusercontent.com/v3/u/34/34/1730916000000/OtuoaclueByQPU-rN7o-jQ/YiHRvtVmjocoNzka9F_vBfiH25zKIz_B-LgRMCQfjBPHm3P6ByGMMckiS4o9-9vEKBwj4uGPCtAI3alM3np5e3grkwe_3WbNb97rItqrX5ZPlPONMvKkQzuWW-yjh2KX-n1rS2qC9wUQAQUrrdsuJ6q6_DK1MbMlSZuHspOzemU/m5kW1LzV_BjsgvmwihCNsPrmTCKm4NjfosYRb-Q5cTM),58,All,58,0,33,70 x 70cm,,Pictures on Walls (POW),
Choose Your Weapon (Dark Orange),2010,Print,"banksy-choose-your-weapon-Dark-Orange.jpg?Action=thumbnail&Width=1200 (https://v5.airtableusercontent.com/v3/u/34/34/1730916000000/pD7nqPnsmFGDO7hfP1SnSQ/tagL1_oHAe5MuRLaXZifhSo3JqQU8cKBIM3zf5taGkpf0ni568-ZeyzcdlpSRaCpPx3K3BmWgAltwiszRXK4HhH0HvAUJs6ghP-eMnJfFrPYhsgQen3BhZ1bPNBkk57XoSnPXPINHFEUaRHnQCcK0fbU_dymsqXHVIxbou1hAmE/j0FLLDNtFCBEGOeHgPEq8apXA1hmnUWBH1VxFbaC0Bc),Image.png (https://v5.airtableusercontent.com/v3/u/34/34/1730916000000/uxehSdMS1nfFQB7Y77NYEw/JosZZyQxHX12o__rg7IM-2ewRvJP8JgBkPWR7_fO7g87LqA2q8MQwjEQgXTG5DHlZMo1_EpM2SkAEpKfoZ6rl3fWuOw7czzCRkFPzYRQ0mw/RKYMq-imCjULh8PH_O4x9zROGDVPfT9mFUrPvpfebYE)",25,All,25,0,Yes,70 x 70cm,,Pictures on Walls (POW),
Choose Your Weapon (Gold),2010,Print,banksy-choose-your-weapon-Gold.jpg?Action=thumbnail&Width=1200 (https://v5.airtableusercontent.com/v3/u/34/34/1730916000000/yGoeNHEOJ6ELU-xmsVgcaA/BZ-Du2Hz93pHlfoHBSa1FO9w1DncJ3zGH7YQiNGzdKBxE9pbUnywKPSSH94btQc6GKe3-3IyZmCTA_Qpx21gfJA7_dnHmXwTlIMYljfHIB7RPQ66nmrgriQgPWRsC8b8D-lhTD3qf8yfqSE2IlFsP_9ltgIYQ1UvqWaB1vclcto/ryXToT49o0VU7fNpEVQGutO1ciwDntPXt1wRbAFarTU),25,All,25,0,Yes,70 x 70cm,Comments: Highly coveted 'VIP' prints allocated to a small number of collectors,Pictures on Walls (POW),
Choose Your Weapon (Green),2010,Print,Banksy-choose-your-weapon-Green.jpg?Action=thumbnail&Width=1200 (https://v5.airtableusercontent.com/v3/u/34/34/1730916000000/NVofPR_nBxT6z8nHtoRoMA/rXQkwV6XyQc1WDSixtOCaaDK0usiwLg6JF5DkUc-141XKHF_EJ8zcrJJi-PQYrIwY9svZb3pcJSz-gJ_IxktZRXFq3pX3mgZ3Taf5qq63kI6tRuFO9Zt9ZicOpooyH05EWNeSyxtYRmHTFxzkx5MIhNmdDzocF8HdJuNTztPolc/GQOzZtzhd40PYA-9lZQsSlcbSIRRixOMUC_qYk4St0U),25,All,25,0,Yes,70 x 70cm,,Pictures on Walls (POW),
Choose Your Weapon (Grey),2010,Print,"photo 1.JPG (https://v5.airtableusercontent.com/v3/u/34/34/1730916000000/tHP6Z7MK-h1aBfkb_CqQlQ/nt68noieb-16xjkl-sUTKRMsV2ftP8FVysXuMm9H5QUYzjt089Epsbf6-NK0BOCVJbyfS9RrojB-DdJm9VivN0ppS5lCZRYTjk-XHlHVAEc/eRZCjYR54WxQicqIeKZDsvSKlPcTDV8uN3GWAceNaGw),photo 5.JPG (https://v5.airtableusercontent.com/v3/u/34/34/1730916000000/KluDlbKWgG_nW90abojn4g/d7nmA_gtxM_z4OrhSwceSP7Q6uygyqm12w4sZz0wRpZ-Wo7CcDpjONLW8jKrklO7o2TB7bTayjRTUdnM8KXDjF2v4D0mT7ZF85BVf1hVa5M/GDF3PX5IBnFo94kZ8HfiwS3pG22M6SfXg11oAs9Yd60),photo 4.JPG (https://v5.airtableusercontent.com/v3/u/34/34/1730916000000/27KdoZfnr7Ch-aBTejy_zg/eWaYe08r1i20x4ZegyvlR8JviDrKMzTrZ-WEvU9K9c4oaARtpJvUzB80mR5Me0dabeOMCYs3x6jBgvfbyd91yrGVHGelq_6iOqmSZ3gtv1U/N9f2h-Y5mAHtWsvf0KYQ3to7GODy6KStmPQy6hVm-mc),photo 3.JPG (https://v5.airtableusercontent.com/v3/u/34/34/1730916000000/FrSZWmSMxJZUmyoDjiCHXQ/0L75LUZ9ol7hVpege4umuqSv3AOzRdZMFeyJ-9nHCvsMrcdWzBybRdYj9QspyRXOh9eU7ElAmHLCk8YoCV0MLECW3xSVINXco0pCC8VFYzo/1tgNbRkZzvbN5SsNaJINAhrAo4Dik9T3HzuSnCPHF8U),Image.png (https://v5.airtableusercontent.com/v3/u/34/34/1730916000000/_u_b-hhohtqX4YEQteXEpw/2Tg51yWRIvwghLpx3Yy8qe3TUjDZ6_moF8dYZnoEH0Z-rKr5wpzfs6A9TMn0R-HEOTedsOCnSv05n5uEDmjGxcCVrMIqNGxa62mLCk6h00A/r0iyLdAOX_ACKPRej6vuqPXI3JEmENZj_-UDAuFAPwA)",100,All,100,0,,70 x 70cm,,Pictures on Walls (POW),
Choose Your Weapon (Khaki),2010,Print,"banksy-choose-your-weapon-khaki.jpg?Action=thumbnail&Width=1200 (https://v5.airtableusercontent.com/v3/u/34/34/1730916000000/o4O9UMcCbi4IA0biqKZvXw/Oo2p9ocro7_5re7AtTDhetFdQvRlbMpvO7c2O8FyslgIXTyvspGb5NoPoKSHSzdScV6qP6sz47naKCmYMxD_g2PrwjKhKUXBGJuqvpIf9WVRNNVb6vPZ7sWzlXmUYKvf9yDVXID4SeIkXLe16IVoVzNHQAdPPv67_g-qgXEHnLs/S0pci6GFBZiFiErdw0rk6AFyBamFbBRY7zk8rTYXYbA),Image.png (https://v5.airtableusercontent.com/v3/u/34/34/1730916000000/UrTydbgsoSBsNhBIXQOSHg/BynWfourl6ni0-q7fbUskLQHK-jeRL0jQsRn67j1GR-Cx6A9cKn5R1ZKToT7LV21TBb19huyN1odaAWaZ2s9K1je_bkdFqNtY_fGFFiQIi4/HJkNavkx6GY9UD781acRKiX4VUSeFx6ZIz5DFC43da4)",25,All,25,0,Yes,70 x 70cm,,Pictures on Walls (POW),
Choose Your Weapon (Lemon),2010,Print,"banksy-choose-your-weapon-lemon.jpg?Action=thumbnail&Width=1200 (https://v5.airtableusercontent.com/v3/u/34/34/1730916000000/ackqRpi2-w9rVg2n0LpjsA/IpZ-gx9EnuaoagK_Eg074ry5yj3wHqXz3dcrBl7W7ZBy91VjSHGCqLaGZmV_IzBysYJTsYBSWV9qCkdSKi9GepcHqfnq7xpAews7UBGGYlgQQ9t28S10qme5iAtzv67NNLVrNHVH6xRrjbNHFaVsF81vcQY8crVObzEbheiCP18/wvvj9KNQz4gDadY3QKrwSnCnUg1QbhWh8n9XDga-1Eg),Image.png (https://v5.airtableusercontent.com/v3/u/34/34/1730916000000/6q5TA16yxWFSS9AV96r3fQ/Pu6LOAF8aSTqblnzAs90hPi9A5I8I315pgNRvFcf2K2KBaFoTc7l2u5AqSJKQnlssUBRWlVBmV1YTlOqG0l8U_bLPNRAf5yFEIO2qq8OADs/ty-ZC2QkEW3b_NZ5POixaUC-WvLdd0Vq0X3KJ22n4Q8)",25,All,25,0,Unknown,70 x 70cm,,Pictures on Walls (POW),
Choose Your Weapon (Light Orange),2010,Print,"banksy-choose-your-weapon-Light-Orange.jpg?Action=thumbnail&Width=1200 (https://v5.airtableusercontent.com/v3/u/34/34/1730916000000/EnFkgUb0tBM9VlGePS-k5g/RoaPJzGHtXmy_WljMkUeB6_axRiaNOJB4TfqwSG_akWr-cRyRLqk0iaQdca3zAbqzk_og8lzBanMPA9wNUgCcJPrdlr59bTkRtA5_JE0gEBKYDuf9_ZEA3eRln7Z3uBTYcIAb4iLNuw7hxPeoXAilxCY1WrwvAVadwK6-cJ1_C8/bbOwKoOBFdqgznbKpO78Sa2CbTUKBoLbjgM3Xr7o7kY),Image.png (https://v5.airtableusercontent.com/v3/u/34/34/1730916000000/hWfzngWpN42TYf8NWMMd8g/uL0vyEIJsgjIYd4qtCGGA3-vgp1WHouX-O3wLaPwlEhgC6XL68GWkWXaGzpKEBut0BriZnPP5CoT7vO2DFxgL4WGVvIX3E78U3WYXEQI448/iObZfPovIGfs_nCYns38Hxz-g6QH1kVmYjqe3LmJTSo)",25,All,25,0,Yes,70 x 70cm,,Pictures on Walls (POW),
Choose Your Weapon (Magenta),2010,Print,"banksy-choose-your-weapon-magenta.jpg?Action=thumbnail&Width=1200 (https://v5.airtableusercontent.com/v3/u/34/34/1730916000000/DqKxJtsv9joB1z8EMCihuQ/T0o-mFqUWWQLvVKyza-ekVLpx9qCL8Z6jHMJGPAPxqX8Xqjo27FTW3RLviQgDZd5pcVAat2ty_SF68aDqX6iWautY-JO3ivQeXZX4kCNdFEWeneN8xpmFkOXUT5S1V0q90lj3o42XlLiq8o8KRmwNXemf9SovLE34_bbTQwlipU/-uUDtVP-V64nqMVFS0EyX1gbfFlmfyoO24nDqG5FcPE),Image.png (https://v5.airtableusercontent.com/v3/u/34/34/1730916000000/beoa_wQ9Qzqoh3Z2B8aWKg/2pejNsC-o433hF4ly5Ut2DHDTM46seT68-6kiAAHLsic_zfRpW8PBgJphpgSiOsftnF6oKRTKt-byZqCLTxl2xSrgGD3CenKZhuMX3Q3qYw/GQw9HNxVa9Nunk4Bc1JPiPvor_4jsx-7Rtln9kyPWNo)",25,All,25,0,Yes,70 x 70cm,,Pictures on Walls (POW),
Choose Your Weapon (Olive),2010,Print,Image.png (https://v5.airtableusercontent.com/v3/u/34/34/1730916000000/xGBQZE9zFyNvowqCJKKTSw/Wy8-E2Ni-nqpbUgn02RfUSOa1WW3D-j8xgJS8iheg4u7my8VhWKH1FNuEkGG13PNyFaSla8p1owmYjNQQkAIBmls_ROTltnjP3j4m5aO5ys/dakJ3Qy2AkcHQdYap27XbAh7tt_bnB4YNvezwawb-fQ),25,All,25,0,Yes,70 x 70cm,,Pictures on Walls (POW),
Choose Your Weapon (Queue Jump Grey),2010,Print,banksy-Choose-Your-Weapon-Warm-Grey.jpg?Action=thumbnail&Width=1200 (https://v5.airtableusercontent.com/v3/u/34/34/1730916000000/_XxcihjDo-o316GxDTotGA/yH4c_VpJhvtlt6rKaKTiDeFRYTmdB-bOZiWCKc6Csz_rIYk5cIAw6XDV7_69bpfCEeU1vScpbHM7v86F1QChpf218mqCl3Wt8yBcqmHMWrVaTscDYeq_fPWNM8OfUfNMHCMkfKGpE-Ud7BcFBMAJhxYAZL6ovi8OS1inQGA2WQw/MmlyR6dGpQVCpNYHme0IWjqjRn2eF9BEuLiCDPacswI),58,All,58,0,Yes,70 x 70cm,Offered to those who were queue jumped as compensation by POW and Banksy,Pictures on Walls (POW),"""£20,000.00"""
Choose Your Weapon (Red),2010,Print,Banksy%20Choose%20Your%20Weapon%20Red.jpg?Action=thumbnail&Width=1200 (https://v5.airtableusercontent.com/v3/u/34/34/1730916000000/sAWqYW3nSvnbaWrnZgh7yw/Utg3jPXEKluDz4ODfp6a2A6cq04-BIpvVWdNxyK3FzFj0Rn1Z9CkP4hqork9EWVjrWcFgb6LxWznzS7x3BZOgMgOG08N4ImEV0gj0-Lzxfz1LK-zte2_ozijY3vL_fS7Oy7_R5za2hZyr2pneQLD6L65ScmOWqLfSjzYlBwQqww/0nTozbjmYjKt2C-YuUYsdYcnnVsSIHT8ZbPvZPJZdEc),25,All,25,0,Yes,70 x 70cm,,Pictures on Walls (POW),
Choose Your Weapon (Silver),2010,Print,banksy-choose-your-weapon-Silver.jpg?Action=thumbnail&Width=1200 (https://v5.airtableusercontent.com/v3/u/34/34/1730916000000/LLNNmC0dxuABYVF7EJH9FQ/OQQLrAd0O-cJRVEF0zm_VZ7rmmhaxpasGHdaRC3Dvracf9vtsmzy5allpkHtNhdnZcmt0hOtz4CAcY9iOPPZNg_cUry0Yg-3QLF6TjcotNt5r0CczDgQWy0saf_scRwkz0XS8MiZfoSnw1tVGp9YF7mMEIgJs1-c9YPUzbUDSzI/rAUdSnmPr8kgS-Ax6_ghPRqWU_lYH5nNBCHo55CZ9ng),25,All,25,0,Yes,70 x 70cm,Highly coveted 'VIP' prints allocated to a small number of collectors,Pictures on Walls (POW),
Choose Your Weapon (Sky Blue),2010,Print,Banksy-Choose-Your-Weapon-Sky-Blue.jpg?Action=thumbnail&Width=1200 (https://v5.airtableusercontent.com/v3/u/34/34/1730916000000/VzyPZLrVAlxqTAYNyQMdUg/qZVxDdZmMP5W4RDZfhgPz30eGXujzOznVtxHvfOPKpfkDghhyv1H2wLL5MLtNYwavqq0Z0mizSnJpvLW4Uq5jW9jJYYOzzhBXEOz-kExLYkdmjM19T4nJdi9dooQMHXlDLK0kSFnXw8IZSyAfz046Jxsp3nJHf5KzfFwJoflObs/YzE-EYssme1-Myv8M0sKsif0P5I_2bVYMMqoRKccu6I),25,All,25,0,Yes,70 x 70cm,,Pictures on Walls (POW),
Choose Your Weapon (Slate),2010,Print,Banksy-Choose-your-Weapon-Slate-500.jpg?Action=thumbnail&Width=1200 (https://v5.airtableusercontent.com/v3/u/34/34/1730916000000/RTxcj-w0N2BXuSlqk95nDQ/8qV89ADsLvYT58WpTOrCKvtK1ujqJzEffVqaxyWJUvKxKsd-0j9KOVEynCJuTGnG2hPEi4S_q9_KYjLjL6BT-gtLJqLSX2H17iRhKIyruUMxF44v3Xa6P0DWa3E0PkRN7UsMfvOrl5jQ5Ec0l7g70_hOAdL6odT8zt1bw0hg6kI/II6eqv3r6j-3Bk5oITiRzM-JJNm-gBACVTVyEKwryL4),25,All,25,0,Yes,70 x 70cm,,Pictures on Walls (POW),
Choose Your Weapon (Soft Yellow),2010,Print,Banksy_Choose_Your_Weapon_Soft_Yellow_LARGE.jpg?Action=thumbnail&Width=1200 (https://v5.airtableusercontent.com/v3/u/34/34/1730916000000/zBjRa_qoK6xp5FyzNrmSUQ/6qE0tpI11tQmQMFJ4nyW9OWkqi3iJkVqIyo_yYAE7IfkEGedWLYgtmf7nMVn83O4JyEG_DnU7dzkneNHkC_gXuoXzJCK4NTHD4ijzexQcshLdpEZ1e9G0d8pxaYko7IIqQCoMblGCccb02ctK_LFEYYTkIFuXzSQqKGSIxEDkCsdWuT9_p3Y3nDFTCcNa89g/ofz1_SmLbno9NBfl7h2saTcc-k9yi_5q8P0MHhXcZu8),25,All,25,0,Yes,70 x 70cm,,Pictures on Walls (POW),
Choose Your Weapon (Turquoise),2010,Print,banksy-choose-your-weapon-turquoise.jpg?Action=thumbnail&Width=1200 (https://v5.airtableusercontent.com/v3/u/34/34/1730916000000/oH5QVcHgCXYhEGiS5cgkCw/qaU-sLtc0fMZh0wBdGUY4VYoRpUqGnEsFBu8ozk0DfoJuif41Nlrk3cstbvMJhL4df2f5mWglzUvaDrZqixNPzT1JvikpN_1r9PG3_d1w520z7r6y9OiyK7FPfEc2EpLK2VRL6c4e7_h3FcrbpBLrYXHaXUBFdKkaEB7IkwuUVk/YyY5OX_5HyTvfYwrsIKZrmxpaSYf9YubOSjbgd38olw),25,All,25,0,Yes,70 x 70cm,,Pictures on Walls (POW),
Choose Your Weapon (White),2010,Print,Banksy-Choose-Your-Weapon-White.jpg?Action=thumbnail&Width=1200 (https://v5.airtableusercontent.com/v3/u/34/34/1730916000000/et09oAlc5vCiMXGhq1LY5w/6rvCJCdkzXokujdtkiX5Lpat6HXACsr-akaOnm66a_7ndBbQ39qfQGVqXKb3e7ux82ROQea573ZAhi5413hK4fcDjugppdq9wlpG2_veFR30NkF2BjOyjWLFLPmY4xPEFt8n2vcP_Myrzar0y8Q-36StDPPC9CUX3PJfY0C2C74/5IMJm4bK2KcpGGcL0E6sNqzQdE8YhLaxw5K6fzuYYAk),20,All,20,0,Yes,70 x 70cm,Highly coveted 'VIP' prints allocated to a small number of collectors,Pictures on Walls (POW),
Christ with Shopping Bags,2004,Print,banksy-jesus-with-shopping-bags-better.jpg?Action=thumbnail&Width=1200 (https://v5.airtableusercontent.com/v3/u/34/34/1730916000000/3EXXwigt32uJg3f0xKF86g/ZUHpP1LusXXnTG83ToSP42C8cHSRdj-6KrhiIDNvKwSraygPcnc7og0jzE-_LAQ7EHP2er_FaTJPntOdp2H5kK2C68WDf09L2xPTpLwPHyfJ6M-fwfBPWr4YO701OkhqVO7zSRKq-bEK82mvWOfEZ0NnNyr1Q77QPUR2epVeiso/ddwh0M5rVguhyivrf_6G2mZ4ZXz1N2arxXbJ3zBSg-E),82,All,82,0,Yes,50 x 70cm,,,
Civilian Drone Strike,2017,Original,21480259_1636098666401027_1198122187106549760_n.jpg (https://v5.airtableusercontent.com/v3/u/34/34/1730916000000/2L5-oaZeEvO-XreRHj87XA/894WRtKJgU-mRtarF1Dn1bZrOzCdqUQ3hl9FYHpUoOMZDS43CC_-ThCW3QatTJQfsPv99Vk1JSP4q5PaVXtgToWamby0mX_uv30_cQA8JwOdlD5xHIMwBL1WyRL86FKDAHtx807_h1kCCkMJ1AxhuQ/dkxdYR7lt4h9cDCaVQlzGaSneBjMR1McnvWlv63kJUI),,,,,,,"Donated by Banksy to the Campaign Against Arms Trade - 'Civilian Drone Strike' is up for auction on 15/09/2017

https://artthearmsfair.com/

https://amp.theguardian.com/artanddesign/2017/sep/16/banksy-gives-205000-to-human-rights-and-anti-arms-trade-groups",,"""£205,000.00"""
CND Soldiers,2005,Print,banksy-cnd-soldiers-signed.jpg?Action=thumbnail&Width=1200 (https://v5.airtableusercontent.com/v3/u/34/34/1730916000000/rjJdthrkMoHwwpPisRsl7g/73YNgEnLS9nybscPi0Kk2PjvimPUbR0QRD6-MH6G0oiUcEVfnHt07sUaT9UJ8T1-Qn5ZAD4rrpfNHFmoYU8TG1Xwmf3l4dbSgETKjxBiKnAzxDYsOgwagpo3nD-LFNR24EsBbmRsw6mlLflNocDAKNbB2xqeuInIeltIUckLD40/Tatwfn6tdInXV12Vldl2fzn3lnWjBB2FPvEN-eNftxs),700,Some,350,350,Unknown,50 x 70cm,Signature on the right and numbering on the left or vice versa on some,,
Di Faced Tenners,2004,Print,BAnksy_Di-Faced-Tenners.jpg?Action=thumbnail&Width=1200 (https://v5.airtableusercontent.com/v3/u/34/34/1730916000000/J-w5NVP7eg1qSWq8L_60fQ/NLcYs8E0B3ySJhltPnID2xAPnVlly89qcclXTJ70SXaC4CP1BOTIf1uy6Cw8--OW4KdN_uZ7sIWlKO49n8YUJFY0350uP6K1Rb4dRtlXKCEH6dkRSw-2Z-9qD-vXXBz5-lBkbbAbR6m7gQeJupl9Z2Zdj79TVQa-4ARYfwTpzc4/XBpujysw5lB5aUrx6mkYBf5Em65UAi7NCbtuGAddYks),50,No,0,50,Yes,44 x 30cm,Offset Lithograph. Signature on the right.,,
Donuts (Brown/Chocolate),2009,Print,banksy-prints-chocolate-donutlarge.jpg?Action=thumbnail&Width=1200 (https://v5.airtableusercontent.com/v3/u/34/34/1730916000000/iuQMOsFfSQqiSaZK22P4mQ/RZidfhusbiai8sOMyeGQMgY028PhqGIFYP_xl-2Wvnx4OcRC73hufm8GKSxMFwz8mWNcVfxicIdun2chbR6UgvBGj4Wwar84Ok_MG4z7-yFws02C7mLFNk7sItNM9I6D9hj_Vksp5gMqR5hADY0Ss5WkjZtCH7S2bSq1hYN9sGo/0jSWKVMH1advMVUtphrYpZDiWGR05rh7JVlKQVcxF0I),299,All,299,0,Unknown,76 x 86cm,Signature on the right.,,
Donuts (Pink/Strawberry),2009,Print,Banksy-Donuts-Pink-.jpg?Action=thumbnail&Width=1200 (https://v5.airtableusercontent.com/v3/u/34/34/1730916000000/mvTzluySkn8fH3fztwwIOw/y58QmTFPnZjN2xoKB-n_ee0lvDVC-Jp8GcaLm0chAobu031M9FC8PU79_dBcyhqzfDGZp6H9pPgkpO_hG-4lrKY9bXCXJPVu2eyFmdb1h4wWn3LSJ7eSUyk7g-UZuxpSPuVTIb-vnWgATK18hnpHDA/kmSbklMkOC2dzUoIafM0DuUMGIjY5HgXzX8LEforqYI),299,All,299,0,Unknown,76 x 86cm,Signature on the right.,,
Dumbo,2014,Print,Banksy-Dumbo.jpg?Action=thumbnail&Width=1200 (https://v5.airtableusercontent.com/v3/u/34/34/1730916000000/Vhj9YOK9SxhZkncgRqI2lQ/zF6ha7VSaLpbDJpO9vljAOVqHbYfEMnJe9xCdu--scFn_wvuu-vLUjmB0vIWy7p9IWchL4nTiuxzSRzZfFeiUDpSqcELyN3HWRKV2t9he8oEByXVrE6XVL1VdvlNLxcPMU3uOL0655h3q6rDjdeP_w/W3j7zf27_yxYEV0D4N4XGw9JD11nWBAXer2AEcB7ChE),25,All,25,0,Unknown,56 x 76cm,Screen Print Hand Finished with Watercolour.,,
Festival (Destroy Capitalism),2006,Print,Banksy-festival.jpg?Action=thumbnail&Width=1200 (https://v5.airtableusercontent.com/v3/u/34/34/1730916000000/7pYmLejmOFEASufCKoI00Q/iKEeumAso58vVunWMQTH0TePnWfTYRFhhGXsKPweui5NOLIUdGid9zWDwYyBJQ1YCC5MSeRr9a5t8u5Cxdo-ZAi0U7oP3lgkSDW-PEN7ZBwL-0rf-4TypdF72vTAo5CujFuVnjZY6jsNjdtdRyScmQ/B5JeY5-G8MieP3kk0WD-DXZYxAylL1pGY105G6rAFJo),500,Some,150,350,Yes,76 x 56cm,Sold at Barely Legal Exhibition on Los Angeles. Only the first 100 unsigned prints were ever officially released. Also known as Destroy Capitilism.,,
Flags (Gold),2006,Print,banksy-gold-flag.jpg?Action=thumbnail&Width=1200 (https://v5.airtableusercontent.com/v3/u/34/34/1730916000000/bUrWnaHJzb-8uPGAc6gPjg/XbF90ifrUEkB2grLyvz4bBrcRwp6a5Lh490boQP5RIbr5mQQCePaq4IFlifWLVGCjVTcI0y76I4C5zejrDwMQkRJGt25ZPMFeZ24hBPJVJ8Inu5s8kxAyQq-K74hnVCJR63QaTuMQ4Br6fcSNpnlDg/d9yKIbT4r2sN5ZXBLJnWQsp_WJwNlpvSQsqC4CWa7UE),20,No,0,20,Yes,76 x 56cm,Comments: Smaller more collectible signed edition of the same image. Printed on chromalux paper,,
Flags (Silver),2006,Print,banksy-flag-silver.jpg?Action=thumbnail&Width=1200 (https://v5.airtableusercontent.com/v3/u/34/34/1730916000000/WThn-WwKkDJ9sD_XyN1s0A/mtCxFaOvXuhUL4a7_r6TSTu6_4FpZqY9meMzoifYlNHyj2CJ41VyN_8o-2SsvMGO7eEwF0vzR4RCAkbueRlRftnMciCwghwYKllwwPt7onrazRnWWKdlFTo2PNphtRMKv7dOXZrarN09Pwf0D2KnZw/_SulITy71URzDwjV5Nsk4RSZzt9tEb-lqEjVj90mgX4),1000,No,0,1000,Yes,76 x 56cm,"Numbered on the reverse on right or left
Comments: The largest edition ever produced. All unsigned.",,
Flying Copper (Blue),2003,Print,banksy-flying-copper.jpg?Action=thumbnail&Width=1200 (https://v5.airtableusercontent.com/v3/u/34/34/1730916000000/DH2LdjKKXRl6fYxvGwc2JQ/2u-bYR3DHOENQ5v6VDHzdLhxQmnAOBIvZsQtieWyzJ7BOV67Lw1FlV8ZsmOW7AEalIWP-Kp0fkMvzbfbHaFBLQ5MiWHUNww7VdDHrNbbkYPW-d2YBHaZxWAi6G6DJ8mF6fMXauP-lPI0X63hXJyX6g/RFxywQOH9GDrb0a1RR6D1wjHrBdrQbyrkWBdWF8gx0Q),750,Some,150,600,Yes,100 x 70cm,Signature and numbering on the right,,
Flying Copper (Pink),2003,Print,banksy-flying-copper-pink.jpg?Action=thumbnail&Width=1200 (https://v5.airtableusercontent.com/v3/u/34/34/1730916000000/_n5Em-iz6yJOp9xyKza_4Q/TwwuJT4Pf2WT6-4-cRRYcGMq-Ya82N5tEbJ_B1kqSoWXXjnlGFoNXPZGPfVCSuo-8XtuPyvE86if2M_c2hFgg3nbArqHc0kCc7mw89Q3LjOg-MeWjI_T9pry94dnU4od9Fnhcv-KHoC3_QL20ks77FOltmKRnJVH18_Zutl_XIw/n1goFHXVGD64AjBZjhVbXub3y-XudnTZtS97hbJNwbA),63,Some,63,0,Yes,100 x 70cm,"Signature and numbering on the right.
Originally sold as A/P's at Santa's Ghetto",,
Gangsta Rat (Green),2004,Print,Banksy%20Green%20Gangsta%20Rat%20Signed.jpeg?Action=thumbnail&Width=1200 (https://v5.airtableusercontent.com/v3/u/34/34/1730916000000/eZvcCcL4kgX-IHWzyj_iMA/FDq6U5GypyNi1tBNcZkVftPKk-R3ICQRkrnbE-dC2bW_5b_TVK0T7SKOOxJ7qIGwFbXzMAvTJYCBZKL9O84mFaWacEkrRt4SpNmExL7lj23Pe2wQsGhLv28xElFOmD5garsvMDv3DbMcj9RIbsHIzRVPcXM-9SlGes6PvAe65ZaklCsTriZL6HXPJkhkGdOd/-y2_OjkYuO0ufp-x8hPiLzEcG9cL2WfGjWWVhyB3V7w),20,All,20,0,Yes,35 x 50cm,Signature on the left and numbering on the right,,
Gangsta Rat (Pink),2004,Print,banksy-gangstarat-pink-signed.jpg?Action=thumbnail&Width=1200 (https://v5.airtableusercontent.com/v3/u/34/34/1730916000000/9KngIWLbCQiEpUOcv11BZg/wQLR697Q-g37Tl5XQ8kHo2aR7f2gsJ0abnMHAjE8TKwNR4AqAwDOaxd77GjQx8iLtplT2VjQnSKvgFwmVSqZxcui55GFcYxOT-G9Igui6f4vvo22zkjTmNKSs_ZkB2ylw2WbStsLu-EkBMD60U9XP1-mIa8u3XwhnPPj_m4pxyY/p0t2KNiDmQ48G8Qd7v0QEyJXMlY8LV0leR5f-Y9Tgtw),46,All,46,0,Yes,35 x 50cm,Signature on the left and numbering on the right,,
Gangsta Rat (Red),2004,Print,banksy-gangsta-rat-large.jpg?Action=thumbnail&Width=1200 (https://v5.airtableusercontent.com/v3/u/34/34/1730916000000/zr45lBxS0pp2FA9WNbwdSQ/Pc6__jpM3hOwGpCZZzAPldocl61MVVn4iUzTWrq6Fryu9V_okvYbpRW6UvLvhlFX-TPtYFJJv9tBQpDKbciaUHqGie63bXJBERdR0UYLwhDPgVUxi4Bl13N1uy9VCAPBG42SII4Fp0oq4dPyeeTueYMyixjb5hKc17LlFNLLyL0/2vQ7lbgfPw8IJRuPUh3KbI1B9RuetNi04PyRW_eihic),500,Some,150,350,Yes,35 x 50cm,Signature on the left and numbering on the right,,"""£10,000.00"",""£13,500.00"""
Get Out While You Can (Pink),2004,Print,banksy-get-out-while-you-can.jpg?Action=thumbnail&Width=1200 (https://v5.airtableusercontent.com/v3/u/34/34/1730916000000/J1Tqdz1FfrLRu4WYMe7G2A/vCnVA7Yq0LxfOxUw2BJq1Rkusco4PoBIQQ3WAh0sEZ7MeIbLtiPzQocMlLsu6f6JOnu4rhfc1hXxY8v9HmNCmbjv7i8dp1AcNb0VpB9_3rm027i7MvstuEUC2E3a9SL_qJIpmMCdMi561L3R7luohYQh5OaL16IeahwxAnlJNQI/pBY1EGpObYpVY0lzYutlnR8kG-ti_BN_OqCzvGV04J4),175,Some,75,100,Unknown,35 x 50cm,From a series known as Placard Rats. Approximately half of the edition was printed in with a pink placard and the other half with a red,,"""£23,750.00"""
Get Out While You Can (Red),2004,Print,banksy_signed_print_get_out_while_you_can.jpg?Action=thumbnail&Width=1200 (https://v5.airtableusercontent.com/v3/u/34/34/1730916000000/K_H5PcinLRFvTnOYWqrAGg/B4Y17gCp5Fb4eA0OHiC0ZO4O9qKsqqEj03rnZHGxVZjwWiLvWgb4cedyq1OlMWCYNc1djNsPDyC3ZxCIcrMApS3pKz2K3G-7O_EllN5p-cIzbXd3YCwpgI842k9DHOsChMcAImhBDATBwQ01FAzcyHREEl-4yCfJHznSOvrJrLviYxIOtkN2tzvf6PpPT6cI/iqWx_UMMCuO-Q5078-UTZocZ4HfjTmt13oQPI03_Jhg),175,Some,75,100,Unknown,35 x 50cm,From a series known as Placard Rats. Approximately half of the edition was printed in with a pink placard and the other half with a red,,
Girl With Balloon,2004,Print,Banksy--1Girl-With-Balloon.jpg?Action=thumbnail&Width=1200 (https://v5.airtableusercontent.com/v3/u/34/34/1730916000000/n2xnNtc_yoyCzlttBlXkwQ/XKiK2_FAYswoythQEcy_ebdeCmsulZPnFluJhIUDAmpyw04fjB7jqXhqtfZb6fsdzvnnvFAlNy-q1qBPtbOR9fmceHBH0R9ZEPKcQSRMmD5MQchdjvm4R3thbYSr1snYTSPfqLc0RVDwKEhPIuhW8MiHXvF4xdvvHqjPzhVBuXk/syH76mFbsL459dkKOJ8v9XdqYUuNeIHbMN_w40Ujeik),750,Some,150,600,Yes,76 x 56cm,Some are dated 2004 and some are dated 2005 and some not dated at all.,,"""£35,000.00"""
Golf Sale,2003,Print,banksy-golf-sale-better.jpg?Action=thumbnail&Width=1200 (https://v5.airtableusercontent.com/v3/u/34/34/1730916000000/QFi4u6AQPOhVimJOeRcDwA/C3P4e6aukgKQE3VjmEzAJxTdJH_X-_MqzZ4EB1jgwE25RlfKduY9_MsxQMyXZLVFnMf32wxsY3cyNWrV931MEs-dY4TOlfaplWeETeKUr7r0cXxupwxUaLoXxYuKP5EQH4Crv_BlfBur7-hmXH8-fhGYHVMbDh1So7muqHbWpMk/uHiUdjWRW5hSv7Luiogdv4NNHCQ_tjGwBxcBMhySoio),750,Some,150,600,Yes,34.5 x 50cm,Some with a red Banksy tag and some without.,,"""£6,750.00"""
Grannies,2006,Print,grannieslarge.jpg?Action=thumbnail&Width=1200 (https://v5.airtableusercontent.com/v3/u/34/34/1730916000000/MuKEahNeOG9PN4Rn11qYTQ/g0S7sRR0jGFz8-dvf2gCZhrYYkgtJYsFb_IZvd2t-EjJmGvblqta5QjHDpNLWBshv5rx0i55RqjKvLEZmcG_SgaOw0q0a0a-MeQC_IkQEQCM1wwHvnJcHOcCm_nPWXHJo8p1SRA1L_brCNG-eYfjTA/WVt3RMHDiTcp_pF282CikHVqYdKEZibcOD1tL-Yj4tM),650,Some,150,500,Yes,76 x 56cm,Issued for sale in both LA and London,,"""£6,750.00"""
Grannies (LA Edition),2006,Print,grannieslarge.jpg?Action=thumbnail&Width=1200 (https://v5.airtableusercontent.com/v3/u/34/34/1730916000000/MuKEahNeOG9PN4Rn11qYTQ/g0S7sRR0jGFz8-dvf2gCZhrYYkgtJYsFb_IZvd2t-EjJmGvblqta5QjHDpNLWBshv5rx0i55RqjKvLEZmcG_SgaOw0q0a0a-MeQC_IkQEQCM1wwHvnJcHOcCm_nPWXHJo8p1SRA1L_brCNG-eYfjTA/WVt3RMHDiTcp_pF282CikHVqYdKEZibcOD1tL-Yj4tM),100,Some,0,100,Yes,76 x 56cm,100 unsigned versions of this edition sold at Banksy's exhibition Barely Legal in Los Angeles.,,
Grim Reaper,2005,Print,banksy-grin-reaper-better.jpg?Action=thumbnail&Width=1200 (https://v5.airtableusercontent.com/v3/u/34/34/1730916000000/DyyKNrm1rfRk_goXCkanJQ/GAYjohITBYscvNAyx5ypKhfkSe2srt4_2qQ7f68yLrfn7i1HKmlHjmNj0L9gYzd-KHYvybSbs895P9Pd7Xd4Um1Ect-T4VOkzyH5V-m8PP5w1LOJdGK1fu3TSSPCkMDpdFxsnKlA_Vmsnxg3f1bKkQxoFTG5XcK9Kz_m6XgWJMw/KKAV6G_g5bheSAfoOt-jFTMKbliTE8ZRoRtG-JPpIOE),300,All,300,0,Yes,70 x 44cm,Signature on the right and numbering on the left,,
Happy Choppers,2003,Print,HappyChoppers.jpg?Action=thumbnail&Width=1200 (https://v5.airtableusercontent.com/v3/u/34/34/1730916000000/0K3hoz6bj_OzSVVT_C-HsA/rIz7m3nNXXSM914yDIx4TVBAa4pPj96z9tf8DeafzwLZghLwGkdOnwCtYYFykPpKuDXQcXyCDZFU1WmgfuVbte0l4ceaNnrw-i6NZ4rxZtoshHaje9nuaWU5Yk0ajgSiKyIJciYgsnZiAs9Vlss3pg/UoBTPT9zkSfz06ZDeM1SLYoq2vCxnv6AClRiohU4_Ug),750,Some,150,600,33,70 x 50cm,Released in 2003 from Santa's Ghetto and then at POW,,
Have A Nice Day,2003,Print,"banksy-have-a-nice-day-calligraphy.jpg?Action=thumbnail&Width=1200 (https://v5.airtableusercontent.com/v3/u/34/34/1730916000000/I3U7XsEO4FWKAKG9a-Ks_w/SHvEuIpLwwM7DZH_O4ty43mzF9MYsFxbj7bx3cF3Vzjgpkxfc7R2ikscq0CD6KZzAagbidbGACb_H7i9ybvcID1rBsAeEF_Yxvr9DZkC3bwlqntVXLY-rMpJ0XlkEhV6spxhV1PgiGBSZIe3peOWCCuDZglF_M4wFNks6411cD0/dao1eBeoSbcigjv4LI8z3qrWY_fjmvBoXQZoqLaW72k),Image.png (https://v5.airtableusercontent.com/v3/u/34/34/1730916000000/8auDkziemCO7-wJZkE657w/CtrNPLbrHwDzfIBiMM0Q7ERkJ1KJBOTSFSxx_IjSDg3ry2RparldkrwlWAb51xiGZHkmpswuZAjhdK0_txNldHqgv69_HGgHcZKq66FXcW0/Raf369r3XkPjVR_p6c19pOSzXdBeLkuhfNNqLo3kZJQ)",500,Some,150,350,31,35 x 100cm,"Unconfirmed signed editon number thought to be around 50 in existance
",,
HMV,2003,Print,banksy-hmv-signed-better.jpg?Action=thumbnail&Width=1200 (https://v5.airtableusercontent.com/v3/u/34/34/1730916000000/kzjNOTHNBjYsEB0-gVP0rQ/swz_BbcOuxwfYczecFfAqNLxM3cI24CFkZ1MNeMiuGoA6RNtomK4CUsuQ7ssW3C4lxb9YtCCaXlYsqGoGlNSNru7bj9oCYBhu59NBdD6xl7oZaEIiRhCUJIxUQc6K1O3xjoV2o1LiBh44UYGZRl_BJ8RTSWt4P5lI4hWxgcomvc/doG0vt5mSb_2VU42q5lvFpyGYVzGiqofH0W6vv3rtLw),750,Some,150,600,Unknown,35 x 49cm,Signature and numbering on the right,,"""£13,750.00"""
I Fought The Law (Orange),2004,Print,Banksy-I-fought-the-Law-large.jpg?Action=thumbnail&Width=1200 (https://v5.airtableusercontent.com/v3/u/34/34/1730916000000/xrhZ1msCfGN_EW-IPQgLuQ/FSRxH4X6Y1CpYqfMYHtGt_z5OWOo1pItCPg7bpKMvRjKPx-G6Ti7sUi8DiDF69BKY_XYQED2c9uRC5Lc4s7naB0T82d09W0VUZulrvOraEtSbHYI6exADLwyrJ6Q9Li31hLcVLUaWiKkGi7swSilMMLzhfXx7qQdBjx3WgqZJYM/qJaH6snMvV212HoyhVRWpcLKEsCE382x3m-DaCe-_ls),650,Some,150,500,8,70 x 70cm,Signature on the right and numbering on either right or left,,
I Fought The Law (Pink),2004,Print,banksy-i-fought-the-law-pink.jpg?Action=thumbnail&Width=1200 (https://v5.airtableusercontent.com/v3/u/34/34/1730916000000/awgkO4E8_fp9CaSBNXTqgQ/Pvr8qBJFeTa5Om9pUq6lg4VwTJ4a-rEB7-2fCwOZYySVAXYIkuZPMbw_Wrn0x8Pbxvg_GiWAwMeoFiBhm2kiOa90miczbVj1-c58_Zfd_O3SWoaHKRh0Fpxtd8Q-oycynS7gbdGk1cqnTAuOn-3U8UdXwMLRtHj3RgHD06nXaWI/FPZ7Bw0236QiiHgk_mzGWuw_37U_2247usebHD3ONJ4),8,All,8,0,8,70 x 70cm,Signature on the right and numbering on either right or left,,
I Fought The Law (Red),2004,Print,banksy-ifought-the-law-red.jpg?Action=thumbnail&Width=1200 (https://v5.airtableusercontent.com/v3/u/34/34/1730916000000/gZLk_nnPp85P74kPLE7yyA/YbhbQfeAsVsqbVO8ge1VoEcIeysd2Zyy_6iQSuB-coZe5s3dDjhFHG3lJRw3E4MPDJvj4pccAnfCdTzAkv3AjaBMXuxLNLsR_Mb6dsJMmSNU2z3Cq4RPfBZRRcOiP6SHxVMrZ5sBb4WACdA3w6EDGx9sjE8IjC2ayPyvlGPoDgA/oCnTbjUKWeITNIjb26XDYuFSiAHWoiNLlDEB5N7nkMg),8,All,8,0,8,70 x 70cm,Signature on the right and numbering on either right or left,,
Jack & Jill (Police Kids) - (Blue),2005,Print,banksy-jack-and-jill-better.jpg?Action=thumbnail&Width=1200 (https://v5.airtableusercontent.com/v3/u/34/34/1730916000000/B38RrOAeIXeR-mWajMitmA/5OYuXjB6-R1feYpNK2pVVHDC-JWbU0vwnnTrwyUlxZHQabO3xxmTsnLcu3HuipK9ie9Y-10aJu70Yp6Q9U1smAxoSKtBgeGAgMcH0H38cnRvjKBxtKrcQG6MVOfQBu7LK7os4XIR3qV2oKuOFAnWCbbTTkiUUaaWn1vtQnuakCM/eLPUapnpeLbXw6LAaehQQR1DHX4PwftPzEnmMy0Robg),350,Some,150,200,22,50 x 70cm,Signature on the right or left and numbering on either right or left,,"""£9,375.00"",""£13,750.00"""
Jack & Jill (Police Kids) - (Pink),2005,Print,banksy-jack-and-jill-pink.jpg?Action=thumbnail&Width=1200 (https://v5.airtableusercontent.com/v3/u/34/34/1730916000000/bJizsoqqZCMD32RkjtSkdA/Brrf5N4ObjKCD1U0hODwFm_cpFqodtwJ4RUtPDASkzNK1w6BxPyftAi6XS-4dll_OChEn2Xi88hDPKAepU5GNdrCqsxDoSMAxqZZYFcTbeAEN04BSaFQX6X0ufx2udHutBSVbfPs9aavSeQ35DKNzwZE0_PsP8a0JaHCwmaPKso/9-_GzHMc_Nj_Ui3RBFZ5Pj30AUNS4R5sr2hcRh3sdDk),22,All,22,0,22,50 x 70cm,Signature on the right or left and numbering on either right or left,,
Kate Moss,2005,Print,banksy-kate-moss-original-colourway.jpg?Action=thumbnail&Width=1200 (https://v5.airtableusercontent.com/v3/u/34/34/1730916000000/XLvCRRf46c_3lyJEBH_6Eg/ZW4KlQXLNnZC1TNGW6igSR_WwLcUWvEoZ6HPkedsISodTWuc4NNXJy16c2MyHraBf5mSshiMyM4egvk5tO79etdSWF8OsagPLpficWxZm94Yoc85XP3iWN4hlPOuZpwSkPOz5qKRAmKeXH3TQD2GTDliNg47-S8ZaP1-jjo2oOY/CzOoLiXb21X_DS0gP41KXUpk56gQCqhmPg2XsieYC5w),50,All,20,0,12,70 x 70cm,"Signature and numbering on the right.

Firs made available in 2006.",,"""£56,250.00"""
Kate Moss (Apricot/Gold),2005,Print,banksy-katemoss-apricot.jpg?Action=thumbnail&Width=1200 (https://v5.airtableusercontent.com/v3/u/34/34/1730916000000/z5BS8BsqXk9c1ReAd3H1ng/cFPzlmVMNRY31OWrZJexPdpSmgCgzM9K3FbNRSvcJKlRC8W4yPI1serlRn6W-SJzkiHKaVQl9Jn49Beu_BvrgeITM2U0h7mp4eDH4weyohdTofj3x1RmKfuvzTA5y4RFOYS2BSR0e1dJKrCUyn2i27b4y_oK49nXcZgRko4e9lI/TTt66A2V1BsPJGyoURbrNpEmGJc1ku_68rnF73SOlDk),20,All,20,0,12,70 x 70cm,"Signature and numbering on the right.

First made available in 2007.",,
Kate Moss (Blue/Grey),2005,Print,banksy-kate-moss-grey-blue-grey-5082.gif?Action=thumbnail&Width=1200 (https://v5.airtableusercontent.com/v3/u/34/34/1730916000000/Njo50oExp--8axja6MO4eg/o0YF2XSqKCMc0rvh2gLjZv2w8oa63GHzNJufr-yTpRBPByezL50bBbtxy9DqJqKqzXQk-RdA-i8hGve6LXKH2PKib1u4dzPMLouiUI-Q2-7smXEGEgecYveXyV9I9cJf550sPEWiqfP1Qu194_6msohakS2AckfWBixQOD6NetQ/8DFIyuQYSzrUdG4g0sEXW6R4sr7Vv5ge3tf7oPp4cgc),20,All,20,0,12,70 x 70cm,"Signature and numbering on the right.

First made available in 2008.",,
Kate Moss (Green),2005,Print,banksy-katemoss-green.jpg?Action=thumbnail&Width=1200 (https://v5.airtableusercontent.com/v3/u/34/34/1730916000000/xlW9SuMnXgs_Zryuas6eHw/83WZHnr5mg-HFawBpNTHNMKlhSyFxsqIjj3jdGrmpKN8rfZ7INL0xaZg8KztTWQ11VqUj3Wull9q_yBIThGtImD4oBm7u6wsUh_jpwBayjZLBhtC4NOsLzxeeZT_7pP475wY_JvB1iU2ztr-nfHWSw/FSnotiUT_FzS0hrh78e-HJ-udHr9CxlHyZdYcm1kuHo),20,All,20,0,12,70 x 70cm,"Signature and numbering on the right.

Firs made available in 2009.",,
Kate Moss (Pink),2005,Print,kate_moss_banksy---4.jpg?Action=thumbnail&Width=1200 (https://v5.airtableusercontent.com/v3/u/34/34/1730916000000/I0oIGs3wmCDgNAv3A_wHyA/N3aUaZgnr98ywi5DqC_oJpVhc2ecZo8HoXisbtNK49xYYin4ps5_RhdoISkPvxfYduNvf4EBs-4ljoZ_5Prok9l-4zMSFT4LaHV76qV7e1GifDA5VoUUA1B-3jtpmHu2NAKNsMq4YXGTztSKOvDsdQ/uUg7Il7lpvBAAUhfE7Iv7f_U5R9Efj8OVvp19rV8Gos),20,All,20,0,12,70 x 70cm,"Signature and numbering on the right.

Firs made available in 2010.",,
Kate Moss (Purple),2005,Print,banksy-kate-moss-purple-better.jpg?Action=thumbnail&Width=1200 (https://v5.airtableusercontent.com/v3/u/34/34/1730916000000/7fT2NVdvp94J4iiY_wRXAg/xn_MAburAeUvj3352AtdRNdUqYiPgDzpLex5GTF4qqYS-9Q_TadB5mKwzNw5lzNot0eiPLmJ8eDsiSBvOGKG5zv20X2j5TsVxbNlSiSN9agWhn6QjhGqinzAeMpU-bAV1QVZSmt7rr0VJxZhXnWLS_yHPm9LzZqCRevL04nO5Sk/FQB6TP542GLM0zEu8mqZa60pZoPovNtLC_hkhYJoyo4),20,All,20,0,12,70 x 70cm,"Signature and numbering on the right.

Firs made available in 2011.
",,
Laugh Now,2003,Print,banksy-laugh-now-better.jpg?Action=thumbnail&Width=1200 (https://v5.airtableusercontent.com/v3/u/34/34/1730916000000/ILS0_kbd60wWXneMnhlfaA/C7LIfBYkfe6oRRdPjVB7zDRSS9ZrxYXpwBIpJGWdUVD1n4wSdCl4G222EnZCnofEsM-pbjq2j64_EMhyfZR3fUKlRJJm1e0Av674NpQl-Bw7bH3rncp7GxHF5clJx3yQ-GD0r1LeCtLPweWqo12O5HwDWiHergM-3-9ZJ4RkK7k/80ZYKWyEaUoA7CVqq7tv8-QlCfeSdyUTi8wxJErwp5w),600,Some,150,450,69,48.5 x 70cm,"Signature and numbering on the right.

Available with and without POW stamp",,
Love Hurts,2012,Print,banksy-love-hurts.jpg?Action=thumbnail&Width=1200 (https://v5.airtableusercontent.com/v3/u/34/34/1730916000000/1KctsSSpm8CwBwMrHLHRnA/o2_E6lhMR3-c8lNQb5R3mUxF8wJ4Yq6Xm4wW4heXh4M13lF0hB4MYb677lqvUel64aYQxnG8wN3CbkvIazkEhdSdUqnWUEdkCloDmNuMIljBZ79OMbkqyXgcnUD4BDV4Ph3xNeodjFxFzzNFL-dmDA/qA-FQB_71e-wDLoiludBhVMVQQq8zqFgRHaYhUI4k1U),16,All,16,0,Unknown,68 x 70cm,Special edition released for 'VIP' collectors only during the New York residency,,
Love Is In The Air (CCCP),2001,Print,banksy-loveisintheair-cccp.jpg?Action=thumbnail&Width=1200 (https://v5.airtableusercontent.com/v3/u/34/34/1730916000000/X4GxTWGuqPpzI5k9cCDAqw/nxBQJ2jKg0fdrCMz13853jCfY8EMQBAGkILK5g9jIhz5U2y9s3A7I3UAqak8LxMD735WJdtVTX3wEjeGM-LUEci7BXougn-rH6OPkSqIjdYl6WSUB3r9vwtuOJjEzMDJ__WlFEDwQnOkz5mISOTUqTBgNs6G0R3VfyzixQXV6lQ/d9hOTuJOU5RVnTyDHcMcXi1TDQm_shBbYlVQpBtC9GI),,,,,,,"Very early Banksy 2001. Very scarce, few copies in existence and as such rarely seen on the market. Exact edition details unknown.",,
Love Is In The Air (Flower Thrower),2003,Print,"banksy-flower-thrower.jpg?Action=thumbnail&Width=1200 (https://v5.airtableusercontent.com/v3/u/34/34/1730916000000/jBSBJCGNgdsG83owWG6wqw/Xo9L5mTy2Df-R_ymrgmu6ehtpJFaVO04DsyzQsT9zuvZliukMeuUTjtr5az-LK3RsMM592fMPXNN1XKHS0yg1Hzckycbj7IDWzgCR4XnoECO1J1Gjy4h9E_EuWbuR8tAA2HY8yvaEMzZP4neTKnBvQ/p93xuf1-VLTpVW_dTz2QNC9x8GCOTwR5CJx-MLanmWY),banksy-LIITA.jpg?Action=thumbnail&Width=1200 (https://v5.airtableusercontent.com/v3/u/34/34/1730916000000/4PV04kfLao8MtNeQNAc5VA/JD7o_EWcLFAJQzJH9aDzVrVt4xYRpzX_8nyIU_bATlVoYaZnIvLvgaHfDJ9xYJ8dTdYKLYQQT9rIINULbrtiZiofjavipRM3AflGi6SfjVgPybgYvozoCrX_r9QljUH0RiS2Xa1bMDhF1Pz1eIy1BQ/9LMZC_nfI0lWWqsxk4Rppq3QOI4vGt1QQ7YVzPBgozA)",500,Some,100,400,Yes,76 x 56cm,Signed in pencil and some in ink on the right. Some signed marked out of 500 others 150,,"""£20,000.00"""
Love Rat,2004,Print,banksy-love-rat-better.jpg?Action=thumbnail&Width=1200 (https://v5.airtableusercontent.com/v3/u/34/34/1730916000000/fq59l0P4QKhKH61f0lv1eQ/GBi5YtHT9Rm2yg3r_AjF192h2oOzvC5gF7cEHWqKJLdHIvzRl_O0ie8pwhKXfdXE3r0yeXW2XgpJlX7tU16BFMiS874kE579YD_UgGszJ0o8n6sITqJjlIdXAM2bxzRsG3xFTtlg4abTAUiomCTMfg/GQqUb5zFhrZy0Dvt2HcTN-jepwmqrcP3J83CYFPwkrk),750,Some,150,600,Unknown,50 x 35cm,Signature and numbering on the right,,"""£16,000.00"""
Monkey Queen,2003,Print,banksy-monkeyqueen-unsigned1.jpg?Action=thumbnail&Width=1200 (https://v5.airtableusercontent.com/v3/u/34/34/1730916000000/MKo_RStmT3wyVFVYBQ9DQg/2gRCiSgD6HLp5t5KFGD0BUsP715_H1i1JywKlW0dr4D_9zGtLCutXMXW-ktUIfkMF-50hMMm2_BsXYr5r5fZDxEzSI7Y8AGe6mYkMmLGXxxpRQKddOS8RvbtlpX41UMDlGsqjCfKacpSCzH7jle53e2-dN8F2qkCD_IZZ3bXoVQ/JgqWXyN_rJ6VhvM2PjvIjM-JU0iKEsT8e5FP0dKz7VQ),750,Some,150,600,Yes,50 x 35cm,"Signature: Very early Banksy 2001 and numbering on the right.

Released at Turf War exhibition in the summer of 2003.",,
Morons (LA Edtion Sepia),2007,Print,banksy-morons-white-la-edition.jpg?Action=thumbnail&Width=1200 (https://v5.airtableusercontent.com/v3/u/34/34/1730916000000/4QVaavK3yEDhYHE0Fgn8Hw/HwpnSNBTnQhbV5fNBMw6ayPK484_dVz7FA--6PQOhfHFD78uhXGtPqYeTTZhsL6T5A67EGX0KrsxdGbCaiIDBNr4F78WOxfuI4v3yqHzCT3uTxiqcRsAi2RBqT9SbfrXixNQ357zdmdUzrsK99vHBgBjmd6H-BhEygZxjcrZ0n8/d7ebl06iO83q7_akxMKwIDp5ls7i27KaNxJZ1Igqpio),300,All,300,0,Unknown,56 x 76cm,LA version released at Banksy's Barely Legal Show,Barely Legal,
Morons (LA Edtion White),2007,Print,Banksy-Morons-large.jpg?Action=thumbnail&Width=1200 (https://v5.airtableusercontent.com/v3/u/34/34/1730916000000/VASnoukhZvkoNvUup76UKQ/p3gmM2bpuZFKHj4J916WIYOrLgTeqm7VRIwSTC2TCBLL6q0Z355j5dST9rxjhRxKLU7fojoEwX2AjX2wRqn6ZyuGMdWrRPU6Bypro-Nel4h4khZv5uaag8YDgANtu0ufrsVdDA4AvVGt75OGnAkLgQ/CQqRkF9pWTN8-LmVl7YYDO1JgoXSfIJeyeM5wKFKIik),650,Some,150,500,Unknown,56 x 76cm,LA version released at Banksy's Barely Legal Show,Barely Legal,
Morons (Sepia),2007,Print,banksy-morons.jpg?Action=thumbnail&Width=1200 (https://v5.airtableusercontent.com/v3/u/34/34/1730916000000/-2tKtOtkFJvJ5kaXRs95Zw/UmUednE9YJitEIiOhovRIlWq1IzypK8JzW1ICh3fsY3RqTooyOue15jXAhrL7jMx69F-QvvM0zxH2zyRLJ2N3iV1ZOD7c4J1ygfYFh9091DbJCxt4WLKbxsdW6hRbjTkoqzY2TB99x_Ly_fnrsV5uA/3FmNQXOEs9EhfFjMFH93d0kgr4IGEP7dSGFwcj2ZuWM),300,All,300,0,Yes,56 x 76cm,LA version released at Banksy's Barely Legal Show,Barely Legal,
Morons (White),2007,Print,banksy-morons-white-uk.jpg?Action=thumbnail&Width=1200 (https://v5.airtableusercontent.com/v3/u/34/34/1730916000000/I6MDG4LanQ-syNaumBna6w/MS1ESDemkilr7GVKLXSgf_qe0mezl5bgWrS80KmNHBIpn5fVwbP-BLzk7WfC_5_aOW3q9fuG6nR9Kux3bZafQwzJrZjMiVuUoBQJ9DU800nWk-5bY-JyW21lCS5uNHBkbETXyg5ryi-G7LU3wbmHyQ/Liqi0YkCB10f2j3ts784Ba67o9mmzRCDajOP3lLrxgo),650,Some,150,500,Yes,56 x 76cm,LA version released at Banksy's Barely Legal Show,Barely Legal,
Napalm (Can't Beat The Feeling),2004,Print,banksy-prints-napalm.jpg?Action=thumbnail&Width=1200 (https://v5.airtableusercontent.com/v3/u/34/34/1730916000000/EZKBlQxyKtTdq7HHP1WcpA/DXUvHHBVYc5vcNAI4BKxlZPv9WQ1D890CjU0dzLSIfWa7jJgImxU1YumHsh1psYtjXdRqhRTU82qK5yknN3cna8lpTjnjnXUo86rEMmn59hovaWSmBMLJR54MQSMcxp7hSVdUZGi7G_H3F2Q8bCaUw/pNEsboONeT33svW-x-xQzQVOdlKcwblviVa6DusEkY0),650,Some,150,500,27,56 x 76cm,Signature on the left and numbering on the right (Unsigned: the numbering can be on either side),,
Napalm (Can't Beat The Feeling) - (Orange),2004,Print,NapalmAPlarge.jpg?Action=thumbnail&Width=1200 (https://v5.airtableusercontent.com/v3/u/34/34/1730916000000/sm5c_PkL4zJ7WE6Xu4tAJQ/CksrstzCW5Scj4KLqDngMtZwvvVei018h7aSfGCudE5XnlA5EY5j6kD4lGeT95rSPyuHszttHcbSzKJfIl9ympFn0yp_dd-InQGfM5gC4IYb95iuBMFhv4G05FjVTzGX5jh3_SxtqhoO9SQL5Fsumg/De3tOKPMqGtvU3ucot_ufrbdNM0QJ8joOP2BQGOfWfM),27,All,27,0,27,56 x 76cm,Signature on the left and numbering on the right.,,
Napalm (Can't Beat The Feeling) - (Rainbow),2004,Print,bansky-napalm-rainbow.jpg?Action=thumbnail&Width=1200 (https://v5.airtableusercontent.com/v3/u/34/34/1730916000000/Qs3FPKdkd9AkQNrp3XAt4A/SvQn7KcxoJT0upJGcwDQsHoCNs5AccQy9VsVQPWJXOiIX0AOH3wNi5SM2nPyAnKFOPwjbgY7kG73vmVAk1FFVGkLkrOqe8LZn-zQiMcbzmHXr6xYh7dPskEhDSEJP9YAivCWUMDNqDG5nwLd4wps9w/RIvSSEyb4XndMPn44yuyUiJYpCK5kINzPRjOY9GjbYk),27,All,27,0,27,56 x 76cm,Signature on the left and numbering on the right.,,
Napalm (Can't Beat The Feeling) - (Serpentine Edition),2006,Print,Cant%20Beat%20The%20Feeling.png?Action=thumbnail&Width=1200 (https://v5.airtableusercontent.com/v3/u/34/34/1730916000000/9QbdVUArtXlpB_N6Wrb-7Q/Kh9SCRf6MtyWjYOVSgwJQzJ0I30Anvg1Dc_hA-uAF7A05FWInmkAabmj9vRSlfuN-9jlTaXhU-qdMFVSq0fwyvwHAlc4Y94nCbRAK0mTw2IY2NZEfmnH7J37pofANj9JvX7FtlbNWHKZ6mzrCnZrGBM7OFLaZU2u0D0v3nHgmpE/l5snJWSZk9_Ncof9IvtfOAnFkFm9IczmA0CVsqxMcaQ),50,All,50,0,,42 x 30cm,,,"""£20,000.00"""
No Ball Games (Green),2009,Print,Banksy_No_Ball_Games_Green.jpg?Action=thumbnail&Width=1200 (https://v5.airtableusercontent.com/v3/u/34/34/1730916000000/KaSXNW61gF9HcBvhnN2kew/FbFIwWzvvl4BEHWK17EIralzbCUTPx73UVfLBMoRTImq7UDnkakBELFt4K8f8g8BNKk1PGAcha7jgq5m7S9g3dcPVFMsBSEzlNJzbCiNot8iUaUmX7xB--HzJA3RjB8jOV0YRYRYzRmbJJ1rcGSNI2vyXJy9VLiMNX-Q4tPvNcQ/Uu5v757E-xxQysiNrh2C78T3nntcxwZL03PoU00L5tQ),250,All,250,0,Unknown,56 x 76cm,"Signature on the right.
",,
No Ball Games (Grey),2009,Print,Banksy-No-Ball-Games-L.jpg?Action=thumbnail&Width=1200 (https://v5.airtableusercontent.com/v3/u/34/34/1730916000000/nPs0OUstxA0z944bJhb13w/pveBxyLoSIUhxQh_xJF9fTL0efVyOhqmuHLqX8mEIsFvvDhPYee1RyMmR7MjOmXjPnJGrVtVMNE9vZl40j30hqFbgauQkOL_NBGOoVtkD4Y69wCIyya3PPEgwTwPesTzQcDmwodGOavEErd6Nrxh4Q/b_6z7wuO4WFpif7rhNe2HcSIARGkrdfCgydOvSckeng),250,All,250,0,Unknown,56 x 76cm,"Signature on the right.
",,
NOLA (Grey),2008,Print,banksy-nola-grey-rain.jpg?Action=thumbnail&Width=1200 (https://v5.airtableusercontent.com/v3/u/34/34/1730916000000/nZDnBRtE819p68sTr1cnOA/nhgj2zg8pos84AbbkTAl7kIVVxrwPW-evWgEKcssGZQ82Fiv-vlltk_bmSLcySyBhiP1KDBe7W8Mdtjc6ZrySVCuqQS3hdqiCSViBjtTXiybNlXEGoTwJ5CNOjJUVQhFI5_2qEoZSbczZEnzZCJcdA/czq0H2QLxxp3CjDL-vV8-u26dD8DLX9ITHkSu7IyjGo),63,All,63,0,Yes,76 x 56cm,Oversold' edition offered to customers refunded after purchase of original NOLA print.,Pictures on Walls (POW),
NOLA (Orange),2008,Print,banksy-print-nola--orange-32.jpg?Action=thumbnail&Width=1200 (https://v5.airtableusercontent.com/v3/u/34/34/1730916000000/r8t_hoBbB9VdxmjnejGa7A/JQXDeQdRRDX6RdDXCMHUOnhKS-6WT4R04_WyJ6VZjfsiVsQBNLpW1FH_otU-F2LafuGWsMTD-jdEq9f0KGaHyAlOjmIUvDyg0Y3YZxpae05Q-r97Q5H3fLlgFm3VXsUJGouBETrEN-r5vCt4CmEXIskFTqckW_ji1X4p5IBbTQ4/kGCkJU3telKOf7OAvkZG_ZWPHWVvq14ySfxauVZ1lxw),32,All,32,0,Yes,76 x 56cm,Signature on the right.,Pictures on Walls (POW),
NOLA (Pink and Yellow Rain),2008,Print,2017_CKS_13879_0217_000.jpg?height=400 (https://v5.airtableusercontent.com/v3/u/34/34/1730916000000/pIJ42sIBF5qCXuTRhF-69A/RFvAwW4OPbALhpCiND_kikvJKl0UXXDQImJt-fu6goPFUYHhcoiQ-6kxqRKywK8AtOn3iKW51idDmbmJLOebHqlyQpcyKXLc_UlMwbZ09HOXIe7yRBIVc7KsarA5eTcf/494yA6Lfqk6uh_lq_QzyAFt2L4MN0PnjJCepaZsLhfg),,All,,,,76 x 56cm,"screenprint in colours, 2008, on Arches wove paper, signed in pencil, inscribed with a peace symbol and a heart, dedicated to JM, a very rare, unpublished colour variant (the published editions were White Rain and Grey Rain in editions of 289 and 63 respectively; there were also artist's proof editions in Orange Rain and Yellow Rain in editions of 32 and 31 respectively), published by Pictures on Walls, London, the full sheet, in excellent condition
Image 640 x 440 mm., Sheet 755 x 550 mm.",Pictures on Walls (POW),"""£90,000.00"""
NOLA (White),2008,Print,banksy_nola_large.jpg?Action=thumbnail&Width=1200 (https://v5.airtableusercontent.com/v3/u/34/34/1730916000000/AJystsjguQJX3Y6kgQHRJw/pmuiqfn1-Lp3Qp2C_RWFLhXKo-0vzih5u7rxKA4Lm2DtH7pbSI_oSLTFy0fj4Pm5lsET5qVA5s_odjPGzLXJszURTK2xnjQlVZdoQNWEws2sU5c7Ri1KccvvGJQJzcwDArZf8AzyzGoUNmawW9R4nA/u5EeGKtStpOefcLFB4yhaE5GoBeN8TnfAYBsuieJspA),289,All,289,0,Yes,76 x 56cm,Signature on the right.,Pictures on Walls (POW),
NOLA (Yellow),2008,Print,banksy-nola-yellow-rain.jpg?Action=thumbnail&Width=1200 (https://v5.airtableusercontent.com/v3/u/34/34/1730916000000/0YzCC8aRR1zBBVsqFSy9VA/toOmYfPzPUGpV5_1rOf8HAoMlWjJsAV3wS-0SvKMnnUtcPnl2pq2GWBWpeOGTmQC7xAsDVSUANyHuvKOy2JRqusEdyJvDgUlI3cOYusjfXs4rzEDzTO8uS87m4_DgMh87mhtB441xw_N9OG70KqnwWMq2q6TzY6FAaVM4-Mg_Gg/J-BctDNDNaf-cX9_3ZbrtyZfFEycIQqj1Lik-YFlZRM),31,All,31,0,Yes,76 x 56cm,Signature on the right.,Pictures on Walls (POW),
Pulp Fiction,2004,Print,,750,Some,150,600,Yes,50 x 70cm,Signature and numbering on the left.,,
Pulp Fiction (Stretched),2004,Print,banksy-pulp-fiction-stretched.jpg?Action=thumbnail&Width=1200 (https://v5.airtableusercontent.com/v3/u/34/34/1730916000000/vtiOpdUKfrZTWBnq0QfCaA/t0t7aAuwYAe_Sj20JcDxesby58d8S02F7kFhRYXLPnLkjQB5WwnVuaRRUUzHCcp62ek2eGSgXCSCpe2GrFhXyOG_pEOr6slLd6yrojKVmHAi2lfIXhq7U4EPFw6_NvJD65SrcfZMz7ysOAkbdfBnEwlMFb9ogJjhe67SjKbwZMo/VBxC7wfjJ8Dc467fm0d3sbPnY2IivaoQxwBaomePOl0),8,All,8,0,Yes,35 x 99.5cm,Signature and numbering on the left.,,
Queen Victoria,2003,Print,Banksy-Queen-Victoria-Signed.jpg?Action=thumbnail&Width=1200 (https://v5.airtableusercontent.com/v3/u/34/34/1730916000000/9-TY-bedXQd116_FCfk1kA/LLD2CHG5LJ62Udlga3Kn8ac4DKDwtn3WzEVZGqTU50f_w37LmV9MhpEIhLaC_GklSzyVHp_1NbteSgCHD24yVHcx8hpnVlTZlEqsAPcmvXtTWY1yVPPPR3RQ_PwvY1DD0TJltce5_q_jrSlcDWKqz9szJ2V5RJPa20sPbxJHfcY/X7yZ2HVldZuWbIBmcJ8lBWZTeKc2uEqIPnp5u52PGcU),500,Some,50,450,Unknown,,Signature and numbering on the right.,,
Radar Rat (Sonic Rat),2004,Print,,,,,,,,,,
Rude Coppers,2002,Print,,,,,,,,,,
Sale Ends,2006,Print,,,,,,,,,,
Soup Cans,2005,Print,,,,,,,,,,"""£15,625.00"",""£8,500.00"""
Stop & Search,2007,Print,,,,,,,,,,
Toxic Mary,2003,Print,,,,,,,,,,
Trolleys (Black and White),2007,Print,Banksy-Trolleys-Signed.jpeg?Action=thumbnail&Width=1200 (https://v5.airtableusercontent.com/v3/u/34/34/1730916000000/nbIHOoR1z1X6xANHrQsX6A/O_JXUbd9s7m0mLZ9K88a7DpvBd7ZA2pmkIWMHYH47TmzgymcS5hQuTGPb1LVvmbympy-NWmV8eMMcsMPLId95FgQ_xMmGiEieOnpWzypyv3DG12rlgYzygo9vjyWs1-kscp31tSHyXe0zfOYLR8KJ7hWTG5WbyXxKoQ47yZlBZE/Nj2HsxE1fkIxZMW79_xcxifGE842G3a2Qdgo4rpHWik),650,Some,150,500,Unknown,56 x 76cm,Signature on the right and numbering on the left.,,"""£25,000.00"",""£8,500.00"""
Trolleys (Colour on End Paper),2007,Print,Banksy-trolleyhunters-colour-signed.jpg?Action=thumbnail&Width=1200 (https://v5.airtableusercontent.com/v3/u/34/34/1730916000000/cUt6kvP5qNOvqK6o5gNLtA/57x8lA8ZdDBIyF6YuIDCfXu3__lFYVpsomNWj60wA8XqNozeSZmDXLDmCgIYWByIbXbulMEc2ELQ5e0QeFEd8u4ey3u94BnfysyOo8G42X4aEACV6EaC-xmyyckVqyvQ4KRAfZqovxFFQ_Avbzy8Odjijt9UNyrKUznkuxNwkwY/_xWNP_M8W8FYuCPbyA7RyiKyk8TyJFd4qAJhFe0wsyw),27,All,27,0,Unknown,56 x 76cm,"Signature on the right and numbering on the left.

Known as Bethlehem Trolleys this edition was only available to purchase at Santa's Ghetto in Bethlehem. Printed on End Paper.",,
Trolleys (Colour),2007,Print,Banksy-trolleyhunters-colour-signed.jpg?Action=thumbnail&Width=1200 (https://v5.airtableusercontent.com/v3/u/34/34/1730916000000/cUt6kvP5qNOvqK6o5gNLtA/57x8lA8ZdDBIyF6YuIDCfXu3__lFYVpsomNWj60wA8XqNozeSZmDXLDmCgIYWByIbXbulMEc2ELQ5e0QeFEd8u4ey3u94BnfysyOo8G42X4aEACV6EaC-xmyyckVqyvQ4KRAfZqovxFFQ_Avbzy8Odjijt9UNyrKUznkuxNwkwY/_xWNP_M8W8FYuCPbyA7RyiKyk8TyJFd4qAJhFe0wsyw),750,All,750,0,Yes,56 x 76cm,Signature on the right and numbering on the left.,,"""£13,750.00"""
Turf War,2003,Print,banksy-prints-turf-war-1.jpg?Action=thumbnail&Width=1200 (https://v5.airtableusercontent.com/v3/u/34/34/1730916000000/f8xnJMIIRu5jdaW3Pz0C7A/icCJ8eyoWK35GM4_S2kTNHhuKT4wGoUh4G9IU2y6UX8a2CypmJBS4RoijVSnA6dWhkz68UMIx6P9BncK8Bc043GVP6uj7qfcbn6ZKFJqoZCUx3C3OmNcG_PpEqKRw9XvZ9DInavduQHJSWqvPJkCXYUrWr3DphNQfHj4y8-Tnys/5woyZU4F1AfNwj26o7p1BuTMzQNJz_po6IIeTkQXPFg),750,Some,150,600,Unknown,41 x 56cm,Signature and numbering on the right.,,
Very Little Helps,2008,Print,,,,,,,,,,
Watchtover,2007,Sculpture,,15,All,15,0,,24 x 17cm,"Details: 2007, Olive Wood Carving, 24 x 17cm
Signature: Signed and numbered on the base
Comments: Editioned Sculptural piece made in Bethlehem for Santa's Ghetto",,
Welcome to Hell,2004,Print,,,,,,,,,,
Weston Super Mare,2003,Print,,,,,,,,,,
Wrong War,2004,Print,,,,,,,,,,
Bronze Rat,2006,Sculpture,2017_CKS_14438_0308_000.jpg?height=400 (https://v5.airtableusercontent.com/v3/u/34/34/1730916000000/mT_Bva2MlqIoRxelRM_dIw/Uql2WnvrqvxPESvu7n-xTdcPyUEu2_Tk6t8n3oCbZmPISzUU-Krtckj_RWaBCJ9DzNdkPwjvU36lg4P5cAT__fIeot3-sEhiibAqXWt3r87TQMIAEYgkyn_5-rDrqMpO/LeWsxb76lChlXc0qE1pkVLtVxMUgVXG591mzV18Noac),12,All,12,0,Unknown,25.4 x 31.7 x 12.7cm,"Banksy (B. 1975)
Bronze Rat
incised with the artist's signature, stamped with the foundry mark and dated 'BANKSY 06' (on the underside)
bronze
10 x 12 ½ x 5in. (25.4 x 31.7 x 12.7cm.)
Executed in 2006, this work is from an edition of twelve",,"""£137,000.00"""